X,Y,OBJECTID,OFFICIAL_STORE_NAME,STORE_ADDRESS,CDC_STORE_LEVEL,CATEGORY,ZIP
-75.147736043272687,39.968628148099754,1,"1022 Marshall Enterprises, Inc",1022 N Marshall St,3,Certification,19123
-75.164453544873496,39.916527291447942,2,10th Ave Sandwiches testing,2654 S 10th St,1,Basic,19148
-75.115207848319599,40.034186561239217,3,"1111 M&S Gas, Inc.",5570 Rising Sun Ave,1,Basic,19120
-75.15794610470499,39.960567802727411,4,12th Street Food Mart,453 N 12th St,3,Certification,19123
-75.172253891406925,39.926024822574149,5,16th Street Food Market Hello Gabe,1551 Mckean St,2,Basic,19145
-75.153854134444387,39.934950142701247,6,1st Oriental Supermarket,1111 S 6th St,1,Basic,19147
-75.179166763761842,39.933100229183168,7,21st Food Market & Deli,2050 Dickinson St,2,Basic,19146
-75.171256199570536,39.979017305305142,8,22nd St. Mini Market,2201 W Oxford St,3,Enhanced,19121
-75.17256396917999,40.002570414982031,9,26th and Clearfield Mini Mart,3101 N 26th St,3,Enhanced,19132
-75.1769861700229,39.982761075652732,10,26th Food Market,1800 N 26Th St,3,Enhanced,19121
-75.123411826801458,39.991050706567805,11,2764 Kensington Inc,2764-72 Kensington Ave,2,Basic,19134
-75.174704184012299,39.997092923647045,12,27th Food Market,2655 W Sterner St,1,Basic,19132
-75.192626738744821,39.927298598229946,13,28 & Snyder Supermarket,2800 Snyder Ave,2,Basic,19145
-75.154684705905908,39.96177756248499,14,3 Espigas Bakery & Grocery,1009 Spring Garden St,3,Enhanced,19123
-75.163851154199079,40.005392452821738,15,3 J Food Market,3324 N 21st St,3,Enhanced,19140
-75.229129799061965,39.954392928297459,16,3 Sisters #2,5356 Delancey Street,3,Certification,19143
-75.151098644139054,40.000805821400476,17,3 Torres,1327 W Wishart St,3,Enhanced,19132
-75.148638218020963,39.96383632120147,18,3MNS Inc.,623 Fairmount Ave,3,Enhanced,19123
-75.231064921800638,39.937957852082342,19,4 Brothers Mini Market,1701 S 58th St,2,Basic,19143
-75.218919470556102,39.956192417661157,20,49 Stop Supermarket,4847 Walnut St,3,Enhanced,19139
-75.222253977530912,39.962902277062454,21,51 Race Food Market Inc,5101 Race St,2,Basic,19139
-75.216439825342277,39.940164601992457,22,51 Street Mini Market #1,1360 S 51st St,3,Enhanced,19143
-75.218849134872983,39.940566308446613,23,52nd Street Food Market,1401 S 52nd St,2,Basic,19143
-75.229073493922314,39.969122980339456,24,5414 Wyalusing Food Market,5414 Wyalusing Ave,1,Basic,19131
-75.230265070013587,39.963892876898875,25,55th Street Food Market,5501 Race Street,1,Basic,19139
-75.238123442157331,39.955506454861741,26,58th St. & Delancey Food Market,5800 Delancey St,3,Enhanced,19143
-75.17943235434052,39.993425157581456,27,7 Days Food Market,2462 N 29Th St,3,Enhanced,19132
-75.23755617527533,39.928254584808847,28,8 Brothers Supermarket,1930 S 65Th St,2,Basic,19142
-75.16116126345085,39.922067483740804,29,9th & Jackson Grocery,853 Jackson St,3,Enhanced,19148
-75.226257138799966,39.941311263364895,30,A & A Supermarket,5456 Warrington Ave,2,Basic,19143
-75.165710982288289,39.965730559431655,31,"A A A Food Market, Inc",1700 Wallace St,3,Enhanced,19130
-75.173735032949295,40.026836463430463,32,A and L Deli Market Inc.,264 W Queen Ln,3,Enhanced,19144
-75.251446675499096,39.97464991994152,33,A M Food Market,6572 Lansdowne Ave,3,Enhanced,19151
-75.168698188468525,39.919101757322352,34,A&E Grocery,1300 W Porter St,3,Certification,19148
-75.126727538922381,39.986140725093477,35,A&M Mini Market Almonte II,2533 Emerald St,1,Basic,19125
-75.149289725738456,40.064127330178898,36,Abreu Food Market,1949 72nd Ave,1,Basic,19138
-75.089281426233967,40.032634647203146,37,Abreu Mini Market,948 E Sanger St,1,Basic,19124
-75.081240670451606,40.035403536001574,38,Abreu Super Deli,6059 Castor Ave,3,Enhanced,19149
-75.062518655800375,40.055094542717832,39,Acai Berry Café,7534 Castor Ave,2,Basic,19152
-75.232017205916378,39.955388146074661,40,AD Eight Brothers,5503 Spruce St,2,Basic,19139
-75.170948849731872,39.94438212546806,41,Adabel Deli Inc,1739 South St,1,Basic,19146
-75.160487204583674,39.985289687382362,42,Adan Grocery,1643 W Diamond St,3,Enhanced,19121
-75.158855917084026,39.992391188917651,43,Agramonte Grocery Store,2568 N Bancroft St,2,Basic,19132
-75.142950990408366,40.022356787321044,44,Ailyn Mini Market LLC,4600 N 11th St,3,Enhanced,19140
-75.117444074273607,40.020758423650001,45,Al Aqsa Halal,419 East Wyoming Ave,2,Basic,19120
-75.172037231438949,39.925073113692036,46,Al Sultan Internation Gourmet,1545 W. Passyunk Ave,1,Basic,19145
-75.227245440745335,39.924447783065794,47,Aladdin Food Market,6247 Elmwood Ave,2,Basic,19142
-75.180920047890297,39.994145754134941,48,Alejandro Grocery Store,3000 W Cumberland St,2,Basic,19132
-75.172862398692786,40.004231869988104,49,Allegheny Mini Market II,2615 W Allegheny Ave,1,Basic,19132
-75.11516025093178,39.997916389452769,50,Almanzar Mini Market,800 E Willard St,2,Basic,19134
-75.145694947165083,39.994469703498176,51,Almonte Deli Grocery,2801 N 9th St,2,Basic,19133
-75.168945223270867,39.971421173465274,52,Almonte Grocery,1945 Poplar St,3,Enhanced,19130
-75.131751427593443,40.020052373887275,53,Almonte Mini Market,328 W Annsbury St,1,Basic,19140
-75.101562717662347,40.043342769449545,54,Almonte Mini Market,546 Van Kirk St,3,Enhanced,19120
-75.180625672327182,39.995136972899374,55,Alvarez Grocery,2565 N 30th St,3,Enhanced,19132
-75.228116807505202,39.960454877868585,56,Aman Food Market,5343 Market St,3,Certification,19139
-75.115724895561925,39.995164998137071,57,Amancio Dollar Outlet,3101 Kensington Avenue,3,Enhanced,19134
-75.129242863708853,39.998916825744288,58,Amancio Dollar Outlet #3,3220 Front St,1,Basic,19140
-75.090620947828768,40.033477854526929,59,Ami Food Market Inc.,899 E Sanger St,1,Basic,19124
-75.214434147386186,39.948893999763747,60,Amin Gas & Mini Mart,4548 Baltimore Ave,2,Basic,19143
-75.214344547107942,39.94227707957802,61,Ana Grocery,1262 S 49th St,3,Enhanced,19143
-75.157184532829845,39.993869633253894,62,Anabels Grocery,1555 W Oakdale St,1,Basic,19132
-75.131419649666029,40.000503326060404,63,Angel Deli Grocery,3300 Mutter St,2,Basic,19140
-75.227139651684908,39.936677065872878,64,Angela Mini Mart,5700 Chester Ave,3,Enhanced,19143
-75.23234637442323,39.947714114099092,65,Angelica Supermarket,5445 Baltimore Avenue,3,Enhanced,19143
-75.228996391886085,39.985880129238289,66,Angelinas Grocery Store,5301 Euclid St,1,Basic,19131
-75.241912431548755,39.956223650095772,67,Angelos Food Market,309 S 60th St,2,Basic,19143
-75.07795389352242,40.0060919699362,68,Angels Deli,2350 Orthodox St,2,Basic,19137
-75.041193204743763,40.03072908217009,69,Annas Deli,4424 Princeton Ave,1,Basic,19135
-75.130377380513991,39.973673464588352,70,Annes Place,460 Belgrade St,2,Basic,19125
-75.18209926583117,39.937156749102527,71,Arheny Food Market,1240 S 23rd St,2,Basic,19146
-75.168962986521649,39.935981265172245,72,Ariana Grocery II,1200 S 15th St,1,Basic,19146
-75.099694351785644,39.997861673486064,73,Ariel Grocery Inc,2090 E Pacific St,2,Basic,19134
-75.13409483517934,39.985118812585903,74,"Arturo Rojas Multi-Service I, Inc",147 W Dauphin St,3,Enhanced,19133
-75.156792368727707,39.935305031757181,75,Ascencios Grocery,1121 E Passyunk Ave,3,Enhanced,19147
-75.163792171742656,40.034349925078779,76,Ashmead Variety,309 E Ashmead St,1,Basic,19144
-75.183413077995198,39.992936243332423,77,Associated Food Market,3120-28 W York St,3,Enhanced,19132
-75.145582022975091,39.992840077882484,78,AVP Grocery Store,811 W Lehigh Ave,2,Basic,19133
-75.164804356215413,39.96492595158611,79,Azaan Grocery,1634 Mount Vernon St,3,Enhanced,19130
-75.219747826922443,39.941985798896411,80,Azcona Supermarket,5131 Chester Ave,2,Basic,19143
-75.230688077536968,39.921911374864742,81,B & J Supermarket,6530 Elmwood Ave,3,Enhanced,19142
-75.163234626061907,39.991949093992325,82,Baez Grocery,2500 N 19Th St,2,Basic,19132
-75.182163930706665,39.936332230878527,83,Baez Grocery Llc,1267 S 23rd St,1,Basic,19146
-75.140854853196203,39.982637793194776,84,Baez Mini Market Llc #1,412 Diamond St,3,Enhanced,19122
-75.232580553839583,39.926885655905295,85,BainS Halal Market And Grocery,6351 Woodland Ave,1,Basic,19142
-75.144504163769426,39.995279227981968,86,Balbi Food Market,2865 N 8th St,3,Enhanced,19133
-75.180459860080461,39.922519756858946,87,"Barbaro, Inc",2355 S Woodstock St,3,Enhanced,19145
-75.139759171813822,40.017336993163681,88,Basilio Grocery Store,801 W Bristol St,1,Basic,19140
-75.132112998885233,39.973149383243111,89,Belgrade Delicatessen,1400 E Columbia Ave,3,Enhanced,19125
-75.241252645065572,39.914480616080205,90,Bensale,7244 Elmwood Ave,1,Basic,19142
-75.161049722876413,39.916831120493768,91,Best of Both Worlds,2601 S 8th St,2,Certification,19148
-75.164607662492983,39.915287927696902,92,Bettys Grocery,2747 S 10Th St,3,Certification,19148
-75.099639039777031,40.000338476856548,93,Bills Deli,2000 Castor Ave,3,Enhanced,19134
-75.195660866041109,39.935219584706402,94,Black Angel Food Market,1501 S 31St St,2,Basic,19146
-75.134821970675702,39.985127039275092,95,Blanca Food Market,162 W Dauphin St,3,Enhanced,19133
-75.116698876468433,40.000144690705852,96,Bonifacio Grocery,701 E Ontario St,3,Enhanced,19134
-75.174032237814217,39.985389736961402,97,Bravo Supermarket,2440 W Norris St,3,Enhanced,19121
-75.173331247263476,39.99958616422024,98,Breton Grocery,2900 N 26Th St,2,Basic,19132
-75.179042069145552,39.94290248815372,99,Brianette Deli & Grocery LLC,755 S 22Nd St,1,Basic,19146
-75.140181343130863,39.981019070329758,100,Brillante Mini Market,312 W Norris St,3,Enhanced,19122
-75.159908055158411,39.984501384846254,101,Brisita Grocery,2027 N 16th St,3,Enhanced,19121
-75.13043369489759,40.023191394414766,102,Brito Grocery,4729 N 3rd St,3,Enhanced,19120
-75.155411263198943,40.009842914622219,103,Britos Grocery,1627 W Erie Ave,1,Basic,19140
-75.153554468772001,40.01114872804343,104,Brothers Grocery,1540 W Butler St,3,Enhanced,19140
-75.168558118576755,39.975665547965349,105,Brothers Mini Market,2012 Ridge Ave,3,Enhanced,19121
-75.223963716936822,39.925395651137336,106,Buist Food Market,2561 S 61St St,2,Basic,19142
-75.096171761837681,40.048969271412055,107,C & R Deli Grocery,6351 Rising Sun Ave,2,Basic,19111
-75.174454636886665,39.979361730621726,108,C Food Market,2400 W Oxford St,3,Enhanced,19121
-75.23563149290429,39.977818870515087,109,Cabrera Mini Market,1660 N 57Th St,1,Basic,19131
-75.11688459983489,39.988888611931202,110,Cambria Mini Market,2085 E Cambria St,2,Basic,19134
-75.130920856971159,40.055340893455252,111,Candy 4 Days,712 Oak Lane,2,Basic,19126
-75.136017725516353,39.980476797245508,112,Canemo Grocery,172 W Norris St,3,Enhanced,19122
-75.132836998502341,40.000698486775256,113,Caribe Grocery,3301 N 2Nd St,2,Basic,19140
-75.136552886564203,40.014749009403289,114,Carlos Mini Market #1,4171 N Fairhill St,1,Basic,19140
-75.11578353458458,39.996859098657687,115,Carmen  Grocery,767 East Allegheny Ave,2,Basic,19134
-75.181688215972599,39.987440552513931,116,Carolina Market,2952 Ridge Ave,2,Basic,19121
-75.111512622948666,39.997468603654205,117,Casablanca Grocery,3257 Kensington Ave,3,Enhanced,19134
-75.055745565298096,40.062199425647819,118,Castor Discount,8011 Castor Ave,3,Enhanced,19152
-75.171422624390203,39.932113089174472,119,Castro Grocery,1500 S 16Th St,1,Basic,19146
-75.163369552375187,40.044538357100272,120,Cawleys Market,5616 Chew Ave,3,Enhanced,19138
-75.177485233845317,39.981191018498571,121,Cecil B Moore Grocery,2604 Cecil B Moore Ave,2,Basic,19121
-75.226932022451422,39.950461919573108,122,Cedar Food Market Inc.,600 S 52nd St,2,Certification,19143
-75.238876718256975,39.964873639033605,123,Cesars Mini Market,5934 Race St,3,Enhanced,19139
-75.222313040124831,39.948007623007641,124,Charlie and Kims Market,4922 Baltimore Ave,3,Enhanced,19143
-75.213968193000582,39.945933291696626,125,Chester Food Plaza,4700 Chester Ave,1,Basic,19143
-75.099431341373048,40.007337179614609,126,Chevere Mini Market #1,1443 E Luzerne St,2,Basic,19124
-75.065155662350492,40.050640618444184,127,Chopan Food Market,2028 Cottman Ave,2,Basic,19149
-75.180059614462479,39.941806826992917,128,Christian Food Market,2243 Christian Street,3,Enhanced,19146
-75.137558363192738,39.993442057802632,129,Chuchu Mini Market,323 W Somerset St,3,Enhanced,19133
-75.154886556591109,39.930796492778214,130,Chuen Hing Grocery,1414 S 6th St,1,Basic,19147
-75.202055931628465,39.960464126173164,131,City Food Market,401 N 40th St,2,Basic,19104
-75.166507130144552,39.976452959660101,132,City Food Market,1445 North 19th St,3,Enhanced,19121
-75.10862117804453,39.997019171212123,133,Cleotilde Grocery,3339 Jasper St,3,Enhanced,19134
-75.157827399644702,40.052065653903725,134,CNA Tropical Market,6402 Wister St,2,Basic,19138
-75.150149488238839,40.021747413323304,135,Collado Grocery,4501 N 15Th St,1,Basic,19140
-75.153422173804316,40.043623350304962,136,Collado Grocery,1956 Nedro Avenue,2,Basic,19141
-75.111357756925429,39.999363042448508,137,Collado Mini Market,942 E Ontario St,1,Basic,19134
-75.210388458856968,40.019912982791539,138,Commissary Food Market,5255 Ridge Ave,3,Enhanced,19128
-75.182229809778207,39.980434637096835,139,Community Food Market Llc #1,2901 W Oxford St,3,Enhanced,19121
-75.229423453654761,39.984520031469295,140,Community Mini Market,1801 Georges Ln,2,Basic,19131
-75.24724486694268,39.970588518223444,141,Community Mini Market,6400 W Girard Ave,3,Enhanced,19151
-75.142710943368854,40.027037004951239,142,Community Variety Grocery Store,1116-18 Rockland St,2,Basic,19141
-75.169851697757963,40.028506203553533,143,Complete Grocery And Deli,147 W Hansberry St,1,Basic,19144
-75.224578517174749,39.956896295731767,144,Connies Food Store,5153 Walnut St,2,Certification,19139
-75.165795503735865,39.924684955934225,145,Convenience Grocery,2015 S 12th St,3,Enhanced,19148
-75.137002750950757,39.993364950762256,146,"Coral 1, 2, 3 y Mas",301 West Somerset St.,3,Enhanced,19133
-75.155387524212102,40.005137913692707,147,Corner Food Market,3401 N 16th St,3,Certification,19140
-75.031891692195515,40.031786176668291,148,Cottman Grocery,7417 Torresdale Ave,3,Enhanced,19136
-75.220516076911437,39.96711743531494,149,CPC Grocery,850 N 50th St,1,Basic,19139
-75.119973852597155,39.992827960364252,150,CR Grocery,2907 Kensington Ave,3,Enhanced,19134
-75.237839595562377,39.987925665974387,151,Crest Food Market,5731 Malvern Ave,2,Basic,19131
-75.157344778018299,39.927018710346957,152,Cristo Rey Tienda Mexicana,1724 South 7Th St 1st Fl,1,Basic,19148
-75.182192340946074,39.928869733297049,153,Cruz & F Grocery,1838 S 22nd St,1,Basic,19145
-75.178833970633278,39.927181708371336,154,Cruz Brother Mini Market,1941 S 20th St,1,Basic,19145
-75.175516159078143,39.927639253441626,155,Cruzs Grocery,1901 S 18Th St,2,Basic,19145
-75.160093782443482,39.991542826431861,156,Cumberland Food Market,2500 N 17th St,2,Basic,19132
-75.128421750803895,39.972695006820686,157,D & C Deli Grocery,543 E Thompson St,3,Certification,19125
-75.12702338948688,40.043836037852635,158,D & L Food Market,400 W Spencer St,3,Enhanced,19120
-75.08163599513496,40.012754381398786,159,D & R Food Market,1801 Orthodox St,3,Enhanced,19124
-75.050836624575808,40.02800467885514,160,D Angela Mini Market,6663 Walker St.,3,Enhanced,19135
-75.064044427357359,40.015146723105232,161,D&S Quick Stop,5537 Torresdale Ave,1,Basic,19124
-75.047062575783684,40.024761972133447,162,Daily Bread,4620 Unruh Ave,3,Enhanced,19135
-75.157751030577131,39.939748152038923,163,Dasani LLC,800 S 9th St,3,Enhanced,19147
-75.163907547404435,39.988379459018738,164,Dauphin Street Grocery & Deli,2267 North 19th St.,3,Enhanced,19132
-75.167064009189914,39.997681520949314,165,Daves Meat Market,2831 N 22nd St,2,Basic,19132
-75.214008338850931,39.949013549928345,166,Davis Pharmacy,4523 Baltimore Ave,2,Basic,19143
-75.173737687739063,39.990202750201313,167,De Los Santos Mini Mart,2300 N 25th St,3,Enhanced,19132
-75.128046302518257,39.995278199963913,168,Decoo Grocery,3000 A St,2,Basic,19134
-75.108057091780609,39.997320774334227,169,Del Orbe Mini Market,3359 Jasper St.,2,Basic,19134
-75.227441552640258,39.954185854792293,170,Delancey Food Market,5266 Delancey St,3,Enhanced,19143
-75.169064943130678,39.980977069969541,171,Delaware Valley Market,1753 N 21St St,1,Basic,19121
-75.230565131259027,39.924260660180067,172,Denia A Sanchez Padilla Grocery,6401 Grays Ave,1,Basic,19142
-75.113762834515313,39.985364658688866,173,Dennis Grocery,2333 East Cambria St,3,Enhanced,19134
-75.161478609786897,40.004395694366146,174,Dennys Grocery,1943 W Westmoreland St,3,Enhanced,19140
-75.12785709002722,40.029864261010566,175,Deynaira Food Market,235 W Duncannon Ave,3,Enhanced,19120
-75.118405921920711,40.030365870971259,176,Dheera Fuels Inc,5302 Rising Sun Ave,2,Basic,19120
-75.123564832157683,40.021429749539323,177,Diaz Grocery,140 E Wyoming Ave,3,Enhanced,19120
-75.115446302473899,39.990600640282175,178,Dilena Food Market,2975 Frankford Avenue,3,Enhanced,19134
-75.238765039590987,39.94881763796193,179,Dios Prueba el Hombre #2,5736 Christian St,3,Enhanced,19143
-75.239700022063133,39.947406141799078,180,Dios Prueba el Hombre Grocery,901 S 58th St,3,Enhanced,19143
-75.152021237475211,40.009333465747801,181,Dollar Crazy,1414 W Erie Ave,1,Basic,19140
-75.105589376618184,39.98775988160444,182,Dollar Global,2413 E Allegheny Ave,2,Basic,19134
-75.148417293815569,39.991317657965197,183,Double Star Food Mart,2562 Germantown Ave,3,Enhanced,19133
-75.14988878137774,40.023243898568424,184,Duran Groceries,1501 W Courtland St,2,Basic,19140
-75.180506887950671,39.936121993247667,185,Duran Grocery Inc,1267 S 22Nd St,2,Basic,19146
-75.14079952309271,40.028416824310625,186,Duran Grocery Store,1025 W Ruscomb St,3,Enhanced,19141
-75.178125423714803,39.930488195123949,187,Duran Mini Market,1701 S 20th St,2,Basic,19145
-75.23219510718161,39.927037777313885,188,Dynamic Dollar,6316 Woodland Ave,3,Enhanced,19142
-75.071389402737395,40.05431496093604,189,E Z Gas Mini Mart,1701 Cottman Ave,2,Basic,19111
-75.156297549213107,39.986477691258564,190,Eagle Super Food Market,2208 N Broad St,3,Certification,19132
-75.116617412197442,39.995239607685136,191,Echavarria Grocery #1,3099 Potter St,1,Basic,19134
-75.242394393438843,39.978767737683725,192,Economic Jefferson Food Market,6101 W Jefferson St,1,Basic,19151
-75.237492648228582,39.97019740491092,193,Economic Mini Mart,5901 Girard Ave,2,Basic,19151
-75.14612743713738,40.022117630701594,194,Edison Mini Market,4561 N 13Th St,1,Basic,19140
-75.110931806259771,40.01821657769834,195,El Mayimbe Mini Market,4598 G St,3,Enhanced,19120
-75.126708677393594,40.020011351092954,196,El Nino Grocery,4540 Rising Sun Ave,1,Basic,19140
-75.154214971941713,39.926576324120099,197,El Rey Dominicano Super Market Inc,1724 S 5Th Street,3,Certification,19148
-75.159503937148159,39.916643808241325,198,El Rey Dominicano Supermarket II,2601 S 7Th St,3,Enhanced,19148
-75.134564901039866,39.991337773639103,199,El Rincon Restaurant,186 West Lehigh Ave,1,Basic,19133
-75.170133772835456,39.93010717189852,200,El Soto Grocery Store Inc.,1649 South 15 Street,3,Certification,19145
-75.136890596164349,40.013696229644459,201,Elio Grocery,4100 N Fairhill St,1,Basic,19140
-75.233769407137913,39.919847531130387,202,Elmwood Market,6731 Elmwood Ave,3,Enhanced,19142
-75.239126229613859,39.915968707857644,203,Elmwood Mini Market Inc,7110 Elmwood Ave,2,Basic,19142
-75.12977609431222,40.027655690645695,204,Elvis Grocery,326 W Ashdale St,1,Basic,19120
-75.110381982896527,39.994793198955108,205,Emerald Deli & Grocery,3234 Emerald St,3,Enhanced,19134
-75.118982178126231,39.998825050613554,206,Emilio Mini Market,600 E Westmoreland St,3,Enhanced,19134
-75.132894572695079,39.988032980059309,207,Emmanuel Deli Grocery,145 W Cumberland,3,Enhanced,19133
-75.141854549647377,40.009729250818054,208,Enmanuel Mini Market,3801 N Darien St,3,Enhanced,19140
-75.068650218043658,40.02038031434833,209,Erdrick St. Food Market,5456 Erdrick St,2,Basic,19124
-75.171600953709856,39.984483818120111,210,Espinal Grocery,1959 North 23rd St,2,Basic,19121
-75.234277366303033,39.9643718263412,211,Espinal Grocery,200 N 57th St,2,Basic,19139
-75.176126527483788,40.023550171034117,212,Espinal Grocery,5237 Laurens St,3,Enhanced,19144
-75.163997067849081,39.978000328606065,213,Estevez Food Market,1738 W Oxford St,3,Enhanced,19121
-75.150191030083988,39.991717916362717,214,Estevez Grocery,1118 W Huntingdon St,1,Basic,19133
-75.175236914111821,40.048829907495026,215,Estevez Grocery,457 E Washington Ln,1,Basic,19144
-75.235211046686075,39.925035512214087,216,Executive African Food & Fashion Center,6531 Woodland Ave,3,Enhanced,19142
-75.106340442002107,40.032020533868767,217,F&R Food Market,5271 Howland St,1,Basic,19124
-75.244087629604294,39.965606366965936,218,Fairs One Stop Deli & Market,6201 Race St,2,Basic,19139
-75.154649311854286,40.004968049902175,219,"Family Discount, Inc",1520 W Ontario St,2,Basic,19140
-75.152646487122638,39.987513371322223,220,Family M Mini Mart,1213 W Dauphin St,3,Enhanced,19133
-75.216680570894098,40.034818292420432,221,Family Produce,6160 Ridge Ave.,2,Basic,19128
-75.147917591972046,40.032464938909676,222,Familys Grocery,5200 N 15th St,1,Basic,19141
-75.109506270083315,39.982524802209937,223,Fat Moms,2600 E Ann Street,3,Enhanced,19134
-75.175906159368381,39.937115805755106,224,Federal Food Market,1946 Federal St,2,Basic,19146
-75.141218106473886,39.996971797440892,225,Felix Grocery,3000 N 6th St,3,Enhanced,19133
-75.244525398388717,39.975504029294683,226,Felton Mini Market Inc.,6225 Lansdowne Ave,1,Basic,19151
-75.134939271653593,40.002507436260828,227,Fernandez Grocery,3401 N 3Rd St,2,Basic,19140
-75.180590653065863,39.928757498244451,228,Fernandez Mini Market,1826 S 21St St,2,Basic,19145
-75.117672310799065,39.997619680911477,229,Ferrer Grocery,658 E Hilton St,3,Enhanced,19134
-75.133541154338005,39.98386776524459,230,Filpo Grocery,2218 N Howard St,2,Basic,19133
-75.1386947569667,39.996568990111733,231,Filpo Grocery,440 W Indiana Ave,3,Enhanced,19133
-75.14262211243792,39.998367852919884,232,Fior Mini Market,3064 N 7th St,3,Enhanced,19133
-75.142352033878467,39.973799283498082,233,Four Jefferson Mini Market,1500 N 4Th St,3,Certification,19122
-75.130652616365396,40.035585271037718,234,Fouta Food Market,5549 N 5th St,1,Basic,19120
-75.099967183489653,39.998985665207584,235,Franchiany Food Market,3643 Frankford Ave,3,Enhanced,19134
-75.123641163502299,40.04497695016147,236,Franciela Grocery,200 W Godfrey Ave,2,Basic,19120
-75.1212319346794,39.992244256632091,237,Frank Market Inc,2850 Kensington Ave,2,Basic,19134
-75.10332364801539,39.996789854480539,238,Frankford Deli Grocery,3501 Frankford Ave,3,Enhanced,19134
-75.140504584102871,40.011089899654081,239,Franklin Mini Mkt,3900 North Franklin Street,1,Basic,19140
-75.147201397565212,39.982928731228512,240,Friend Mini Market,2063 N 8th St,1,Basic,19122
-75.117671182326077,39.999085030300392,241,Friendly Corner,664 E Cornwall St,2,Certification,19134
-75.158326774894277,39.922044373982146,242,Friendly Market,2135 S 7Th St,1,Basic,19148
-75.129412566962145,39.997609072527524,243,Front Street Grocery Store Inc,3123 N Front St,3,Enhanced,19133
-75.160918957061739,39.924849744720809,244,Fruit & Veggies to You,1945 S 9th St,3,Certification,19148
-75.037497774845178,40.081440497041633,245,Fruit And Produce Inc.,1916 Welsh Rd Ste 11,3,Enhanced,19115
-75.154128630633537,39.926470181973343,246,Fuji Food Market,1741 S 5Th St,2,Basic,19148
-75.18278754402543,39.933974827745445,247,G & N Grocery Deli,1438 S 23rd St,1,Basic,19146
-75.114731063273695,39.999864770232783,248,G and Ontario Grocery,3401 G St,3,Enhanced,19134
-75.167385723844987,39.996720938609855,249,G&F Grocery,2768 N 22nd St,3,Enhanced,19132
-75.237445129370968,39.967898792664968,250,Garcia Food Market,401 N 59th St,2,Basic,19151
-75.127203372090648,40.001501684221239,251,Garcia Grocery,177 E Ontario St,1,Basic,19134
-75.140932656415515,40.009527512835859,252,Garcia Grocery,734 W Butler St,1,Basic,19140
-75.124112887506129,40.00110654115786,253,Garcia Grocery,315 E Ontario St,3,Enhanced,19134
-75.174610300487657,39.9673033229422,254,Garden Fresh,2244 Fairmount Ave,2,Basic,19130
-75.041160432757962,40.030842322839931,255,Georges Deli,4419 Princeton Ave,3,Enhanced,19135
-75.173824157090692,40.036791527795465,256,Germantown Eden Produce,35 E Chelten Avestore A,2,Basic,19144
-75.173824157090692,40.036791527795465,257,"Giant Dollar Plus, Inc.",35 E Chelten Ave,2,Basic,19144
-75.176030418461622,39.933193572335384,258,Gil Grocery #2,1426 S 19th St,1,Basic,19146
-75.139425754947709,40.012508120269686,259,Gils Deli,4001 N 7Th St,3,Enhanced,19140
-75.085179559815487,40.060111489663932,260,Glorious International Store,7223 Rising Sun Ave,3,Enhanced,19111
-75.154346566836466,39.962254170165615,261,Golden Bridge Grocery,551 N 10th St,3,Enhanced,19123
-75.137551101727908,40.013782247973964,262,Gomez Grocery,4100 N 6Th St,1,Basic,19140
-75.153428677230181,40.029522663765114,263,Gomez Grocery,1801 W Albanus St,1,Basic,19141
-75.140565954239719,39.993825616338043,264,Gomez Grocery,2800 N Reese Street,2,Basic,19133
-75.124503562831435,39.984799788862851,265,Gomez Grocery,2572 Frankford Ave,3,Enhanced,19125
-75.253010105885878,39.976389361229316,266,Gomez Grocery,6621 Lebanon Ave,3,Enhanced,19151
-75.162833519084728,40.022702772523985,267,Gomez Supermarket,4562 Wayne Ave,3,Enhanced,19144
-75.127387773936206,40.041765836686437,268,Gonzalez Grocery,5963 N 4Th St,1,Basic,19120
-75.107241434379446,40.02727763527885,269,Gonzalez Mini Market,5144 Whitaker Ave,1,Basic,19124
-75.212340867971747,39.94123962243301,270,Good Neighbor Mini Mart,4837 Woodland Ave,3,Certification,19143
-75.196423974353962,39.96591474829696,271,Good Neighbor Supermarket,3701 Fairmount Ave,3,Enhanced,19104
-75.155760449908882,40.022469414539053,272,Gratz Mini Market,4500 N Gratz St,2,Basic,19140
-75.177780711410719,40.034855133180812,273,Green Grocer,5810 Greene Stste 1,1,Basic,19144
-75.221588933074003,39.961258678049369,274,Gregory Grocery,5027 Arch St,3,Enhanced,19139
-75.118054898805582,40.030789371618013,275,Guerrero Grocery,5324 Rising Sun Ave,1,Basic,19120
-75.166706418052485,39.920999916357012,276,Guidos Mini Market,2314 S 12Th St,3,Enhanced,19148
-75.241394368045377,39.929086332317773,277,Gutierrez & Espinal LLC,1772 S 65Th St,1,Basic,19142
-75.146626690409349,40.03025994396463,278,Ha Has Market,5035 N Broad St,3,Enhanced,19141
-75.162058546960935,39.920098485927738,279,Hai Yan Grocery,2330 S 9th St,2,Basic,19148
-75.191308281207554,39.962227222028091,280,Hamilton Express Deli LLC,3401 Hamilton St,3,Enhanced,19104
-75.109819656212039,39.988350938697295,281,Hanks Deli,2300 E Clearfield,3,Enhanced,19134
-75.080104344840137,40.018461892409519,282,Harrison Food Market,1647 Harrison St,2,Basic,19124
-75.173434660874591,39.940976172440976,283,Harrys House,1847 Christian St,2,Basic,19146
-75.069517340504248,40.05323554823979,284,Harrys Natural Health,1805 Cottman Ave,2,Basic,19111
-75.100867472307939,40.006392235725698,285,Health Food International,3939 M St,1,Basic,19124
-75.178235211055906,40.04095577532712,286,Healthy Nutrition LLC,25 E Walnut Ln,2,Basic,19144
-75.232925756909154,39.941516738647053,287,Hernandez Grocery,5700 Hadfield St,2,Basic,19143
-75.127644940513477,40.003006573242779,288,Hernandez Grocery #1,118 E Tioga St,3,Enhanced,19134
-75.128276510664392,40.003090037697611,289,Hernandez Grocery #2,100 E Tioga St,2,Basic,19134
-75.120577905452265,39.995853560002615,290,Herrera Grocery,3101 Rorer St,3,Enhanced,19134
-75.123119833143392,40.02296762984755,291,Hersheys Ice Cream Grocery,146 E. Louden St,1,Basic,19120
-75.133509499355782,40.017971396692722,292,Higueyana Mini Market,426 W Cayuga St,3,Enhanced,19140
-75.243014580069229,39.95148062865151,293,HoHo Market,648 S 60th St,3,Enhanced,19143
-75.11595482623899,39.997380625019495,294,Hongs Market,769 E Hilton St,2,Basic,19134
-75.162329623644368,39.9659691475645,295,Hot Spot Grocery & Deli,655 N 15th St,1,Basic,19130
-75.114729848322099,39.99581061337561,296,Humphries,3130 Kensington Ave,2,Basic,19134
-75.249961787222276,39.988772418927027,297,Hwan J Kims Fd Mkt,2123 N 63Rd St,2,Basic,19151
-75.227219973237482,39.980091605511291,298,I and S mini Market,5256 W Jefferson St,2,Basic,19131
-75.11377176129713,39.992916652023446,299,Ily Grocery Store,3101 Emerald St,3,Enhanced,19134
-75.139408599888085,39.995980249687101,300,Indiana Food Market,2952 N 5th St,3,Certification,19133
-75.164618420411301,39.99992725146322,301,Indiana Grocery,2066 W Indiana Ave,2,Basic,19132
-75.10954812133798,39.984730599652409,302,Indiana Joes,2501 E Indiana Ave,3,Enhanced,19134
-75.17290188269584,40.00106717361885,303,Indiana Mini Market,3001 N 26Th St,3,Enhanced,19132
-75.144124627704315,39.997356126972925,304,Indiana Street Mini Market,801 W Indiana Ave,2,Basic,19133
-75.240355314764187,39.915117158611793,305,J & D Market,7200 Elmwood Ave,3,Enhanced,19142
-75.101817266667112,40.044537743020662,306,J & F Business,5921 Rising Sun Ave,3,Enhanced,19120
-75.134230487668674,39.994541324409035,307,J & J Deli Grocery,201 West Cambria St,3,Enhanced,19133
-75.176114619482746,40.02785108359997,308,J & J Family Grocery,301 W Coulter St,1,Basic,19144
-75.153622917805777,40.047340221654181,309,J & J Grocery,2001 W Spencer St,3,Enhanced,19138
-75.170732321949515,39.965041346782222,310,J & K Food Market,2001 Green Street,3,Certification,19130
-75.164405749962413,39.987401036805871,311,J & M Convenience Store,1907 W Susquehanna Ave,2,Basic,19121
-75.174566551563586,39.984009629588947,312,J & M Deli Grocery,2451 W Berks St,2,Basic,19121
-75.200890205230095,39.97302677440809,313,J & R Food Market,3874 Poplar St,1,Basic,19104
-75.07645722939499,40.016425583054449,314,J & R Mini Market,1838 Harrison St,2,Basic,19124
-75.130101790227926,40.038045193091449,315,J & S Fish and Fruit Market,5701 N 5th St,3,Certification,19120
-75.109728851826773,39.988397856089819,316,Jaquez Deli Grocery,2301 E Clearfield St,2,Basic,19134
-75.127103473251807,40.02864836142426,317,Jaquez Family Grocery,5134 N 2nd St,1,Basic,19120
-75.121449448784134,40.044792254932695,318,Jaquez Grocery,143 West Godfrey Ave,1,Basic,19120
-75.172539991346568,40.039595487752905,319,Jaquez Grocery,301 E Price St,1,Basic,19144
-75.226990914024043,39.925373272029255,320,Jaquez Grocery,2435 S 62nd St,2,Basic,19142
-75.156497473508608,40.000121657664728,321,Jaquez Mini Market,3061 N 16th St,2,Basic,19132
-75.225256110039368,39.938118034252284,322,Jaquez Mini Market,5535 Chester Ave,3,Enhanced,19143
-75.162380702021053,39.925526014093634,323,Jd Grill & Deli Inc,1913 S 10Th St,1,Basic,19148
-75.136488794485587,40.026225945044871,324,J-Di Deli #1,700 W Rockland St,2,Basic,19120
-75.215618421551056,39.944888871551441,325,Jennifer Grocery,4823 Chester Ave,3,Certification,19143
-75.11104231316925,39.999407208535793,326,Jeremy Grocery,965 E Ontario St,2,Basic,19134
-75.141132654568807,40.013542769660944,327,Jerez Grocery,4056 N Darien St,3,Enhanced,19140
-75.119315948264415,39.997227503078761,328,Jerrys General,600 E Allegheny Ave,1,Basic,19134
-75.117551905520486,39.996555538845492,329,Jhoanny Grocery,3130 F St,3,Enhanced,19134
-75.147146329510392,40.043387707551098,330,Johanny Grocery Store,1601 Nedro Ave,2,Basic,19141
-75.22468677113072,39.965761800707376,331,Jonalis Grocery,315 N 52nd Street,2,Basic,19139
-75.152584820548071,39.917424285010505,332,Jose Vargas Deli,2438 S 3Rd St,2,Basic,19148
-75.161343028273649,39.993225066855267,333,Joselin Groceries,2600 N 18th St,3,Enhanced,19132
-75.129135704420776,40.001670497648121,334,Joselin Grocery,106 W Ontario St,3,Enhanced,19140
-75.244762081551229,39.983871420441488,335,Joseph P Giordano Jr,6154 Lancaster Ave,1,Basic,19151
-75.162592033072499,39.917658087156163,336,Josies Food Market,2554 S 9Th St,3,Enhanced,19148
-75.159691932185609,40.057103758111751,337,Josue Grocery,6672 Cornelius St,2,Basic,19138
-75.139030144387533,39.988824874410227,338,Josue Grocery,401 W Cumberland St,3,Enhanced,19133
-75.131454384365526,40.031891550111879,339,Joy & Smile Deli,5301 N 5th St,3,Enhanced,19120
-75.176987355550338,39.928274783292572,340,JR Food Market,1825 S 19Th St,2,Basic,19145
-75.17423583436684,39.934073820593852,341,Juan Carlos Gomez Grocery,1344 S. 18th Street,2,Basic,19146
-75.232766945021794,39.943823660211564,342,JW Supermarket,1135 S 56Th St,2,Basic,19143
-75.035579483751675,40.035901132795239,343,Kailas Place,4300 Loring St,2,Basic,19136
-75.120354073300177,40.02425617918599,344,Kailyn Grocery,253 E Rockland St,3,Enhanced,19120
-75.184489308824666,39.977853673255915,345,Karen Mini Market,1400 N 30th St,2,Basic,19121
-75.136548393757408,40.015284743633828,346,Karina Grocery,4200 N Fairhill St,2,Basic,19140
-75.117013067416138,40.001215996959317,347,Keim Food Market,3469 Keim St,2,Basic,19134
-75.17339220680428,40.026196265824602,348,Kil Lee Market,5254 Pulaski Ave,2,Basic,19144
-75.178552852306467,39.941534829405448,349,"Kim Vans Café, Grocery & Deli",2148 Christian St,2,Basic,19146
-75.223387794869282,39.937919376034792,350,Kingssesing Food Market,1550 S 55th St,2,Basic,19143
-75.242951258514566,39.968499046047526,351,Koury Grocery,6152 Callowhill St,2,Basic,19151
-75.158741167688802,39.989838924887323,352,L K Mini Market #1,2401 N 16th St,3,Enhanced,19132
-75.159178801173397,39.932718596817288,353,L M Grocery Store,1309 S 9th St,1,Basic,19147
-75.11593757066926,40.023228440595979,354,L&M Food Market,4863 D St,3,Enhanced,19120
-75.115413984723247,39.994817617349831,355,La Bodega,1813 E Clearfield St,3,Enhanced,19134
-75.166162725975667,39.930853539186515,356,La Fortuna,1548 S 13th Street,1,Basic,19147
-75.170436862064676,39.934485206745947,357,La Fuerza,1540 Wharton St,3,Enhanced,19146
-75.170513024403022,39.935799808262367,358,La Fuerza Grocery,1213 S 16th St,1,Basic,19146
-75.168649282525095,39.934343826602571,359,La Meca Food Market,1429 Wharton St,2,Basic,19146
-75.133165250325419,40.002185082513748,360,La Original Grocery,212 W Ontario St,1,Basic,19140
-75.145323988772844,39.977127733755196,361,La Sienega Deli Grocery #1,601 Cecil B Moore Ave,1,Basic,19122
-75.203929041451346,39.972345424353584,362,La Super Big Manny Grocery Store,1013 N 40th St,2,Basic,19104
-75.144088465829924,39.970133070856811,363,Lawrence Bakery Inc.,423 W Girard Ave,1,Basic,19123
-75.120190074700233,40.022672472815707,364,LCM Grocery,4800 B St,2,Basic,19120
-75.106185510618786,39.996278693268792,365,Ledesma Grocery,2023 E Ontario St,3,Enhanced,19134
-75.146145309247643,40.029471122245013,366,Leemas Market,5010 Old York Rd,3,Enhanced,19141
-75.131848405900712,39.986340072104483,367,"Lees Food Cart, Inc.",2401 N Front St,3,Certification,19133
-75.187081775049961,40.037090245041895,368,Lees Market,280 W Washington Ln,1,Basic,19144
-75.178064120121491,39.997032211710724,369,Lehigh Avenue Supermarket,2837 West Lehigh Avenue,3,Enhanced,19132
-75.129293395211846,39.983399228021021,370,Leotahs Place,2033 E York St,2,Basic,19125
-75.236251193775288,39.924297404338262,371,Liberty African Grocery,6629 Woodland Ave,3,Enhanced,19142
-75.143384030198987,39.965349305875833,372,Liberty Deli,326 Poplar St,2,Basic,19123
-75.242809972857515,39.926379199577916,373,Liberty Mini Market,1838 S 68th St,3,Enhanced,19142
-75.09920921419787,40.011994108549736,374,Linda Deli,1412 E Bristol St,2,Basic,19124
-75.162353515517395,39.914996967129134,375,Lins Grocery Store,2746 S Darien St,3,Enhanced,19148
-75.080270087734249,40.044926140533278,376,LiS Market,1201 Magee Ave,3,Enhanced,19111
-75.138826286981782,39.987268441688222,377,Lisseth Grocery,313 W York St,3,Enhanced,19133
-75.158048710345682,39.916455232618873,378,Little Petes Deli,2600 S 6Th St,2,Basic,19148
-75.14494873834505,39.998380481555508,379,Lopez Grocery,3062 N 9th St,3,Enhanced,19133
-75.104090845745816,39.999386395853072,380,Lopez Grocery,3539 Jasper St,3,Enhanced,19134
-75.164899106574339,39.987384400459959,381,Lora Mini Market,1920 W Susquehanna Ave,3,Enhanced,19121
-75.129383899239429,39.983351967084396,382,Los Amigos Grocery,2036 E York St,1,Basic,19125
-75.091186833122379,40.022669873241718,383,Los Amigos Market,1034 Foulkrod St,3,Enhanced,19124
-75.154750723036145,39.924145296206149,384,Los Coyotes,1924 S 5Th St,2,Basic,19148
-75.163003283640037,39.921019800692072,385,Los Gallos,951 Wolf St,2,Basic,19148
-75.075381768730296,40.017704664287031,386,Los Manueles Grocery,1829 Wakeling St,1,Basic,19124
-75.113052402928318,40.000215058748758,387,Lucas Grocery,875 E Russell St,3,Enhanced,19134
-75.106000096335748,40.008093254538728,388,Luzerne Food Market,1126 E Luzerne St,3,Enhanced,19124
-75.217942892056101,40.03065691357083,389,Lyceum Mart & Deli,391 Lyceum,2,Basic,19128
-75.210399206587923,40.024695012632947,390,M & M Food Market,458 Markle St,3,Enhanced,19128
-75.235432762239668,39.948428295584407,391,M & U Mini Market,801 S 56th St,3,Enhanced,19143
-75.142962962651325,40.00987110098179,392,M.P. Grocery,911 W Butler St,2,Basic,19140
-75.120849470525215,39.991010665640196,393,MAC Grocery,1854 Hart Ln,3,Enhanced,19134
-75.172526530480923,40.044507914629527,394,Magnolia Variety Store,461 E High St,1,Basic,19144
-75.110570131352262,40.019322508782757,395,Malyah Grocery,4669 G St,3,Enhanced,19120
-75.249911807865629,39.988679442804546,396,Mama Deli,2117 N 63rd St,3,Enhanced,19151
-75.084830554530981,40.009449323560084,397,Manabao Food Market,1900 Church St,1,Basic,19124
-75.114238869608215,39.991200134600497,398,MAO Grocery,3050 Frankford Ave,3,Enhanced,19134
-75.116462764043078,40.017888919842001,399,Marcela Market,4566 D Street,1,Basic,19120
-75.076248730381749,40.007664084367114,400,Margaret Mini Market,2300 Margaret Street,1,Basic,19137
-75.139594573610964,39.994614758913194,401,Marias Grocery,2863 N 5Th St,3,Enhanced,19133
-75.154325724149643,39.932826022359336,402,Maries Grocery Store,1229 S 6th St,3,Enhanced,19147
-75.217709247754939,39.948521282451203,403,Mariposa Inc,4726 Baltimore Ave,2,Basic,19143
-75.242012238459651,39.962174523200545,404,Market Grocery,6033 Market St,2,Basic,19139
-75.126427530197915,40.001314724054509,405,Marlins Deli,208 E Ontario St,1,Basic,19134
-75.153003103538666,39.995339438022157,406,Martinez Food Market Inc,1328 West Somerset St,2,Basic,19132
-75.167296550572928,39.98075786842319,407,Martinez Grocery,1752 N 20th St,2,Basic,19121
-75.234988195579191,39.974980653310865,408,Martinez Grocery,1501 N 57Th St,2,Basic,19131
-75.142573174374377,39.995618822566669,409,Martinez Grocery,647 West Cambria St,3,Enhanced,19133
-75.181988771548163,39.927196509681004,410,Martinez Grocery,2000 S Beechwood St,3,Enhanced,19145
-75.234557129102555,39.972090026291689,411,Martinez Mini Market,1300 N 57Th St,1,Basic,19131
-75.123062662754222,39.996165250092432,412,Martinez Mini Market,417 East Clearfield St,2,Basic,19134
-75.138263502982525,39.972325783777734,413,Master St. Mini Mart,178 W Master St,3,Enhanced,19122
-75.230654205524331,39.973828282141191,414,Maximino Food Market Inc,5453 Master St,2,Basic,19131
-75.218470185661317,39.936689542417277,415,MDA Gocery,5358 Woodland Ave,2,Basic,19143
-75.154962427976812,40.050547623329145,416,Medary Deli Grocery,2067 Medary Ave,3,Enhanced,19138
-75.138383900340742,40.054761711099381,417,Memas Treats,1260 Oak Lane,3,Enhanced,19126
-75.137016092361648,39.981667120413974,418,Mendoza Grocery,2066 N 2nd St,3,Enhanced,19122
-75.169510541352309,39.9826861838092,419,Mercado Food Market,1859 N Van Pelt St,2,Basic,19121
-75.226064188467703,39.954599252622785,420,Mezquita Grocery,300 S 52nd St,1,Basic,19143
-75.173551344871711,39.922293730080042,421,Mi Pals Deli,2300 S 16th St,2,Basic,19145
-75.128767506371631,39.991929395388262,422,Mi Tierra Food Market # 2,2750 A St,3,Enhanced,19134
-75.103177215013318,40.03927307379589,423,Michael Food Market,599 E Godfrey Ave,3,Enhanced,19120
-75.135072151760397,39.980441693320735,424,Michelle Grocery,147 W Norris St,3,Enhanced,19122
-75.165926542633457,39.931400441282435,425,Michelles Market,1501 S 13th St,3,Enhanced,19147
-75.230266525361884,39.969059287944134,426,Mini Market Rodriguez,601 N 55Th St,3,Enhanced,19131
-75.146963508811538,39.989179212576943,427,Mini Mart,2445 Germantown Ave,1,Basic,19133
-75.104535407230443,39.986403467159121,428,Misniks Deli,2530 E Allegheny Ave,3,Enhanced,19134
-75.21252857117814,39.955403673144268,429,Mohamed Halals Center,4525 Walnut St,3,Enhanced,19139
-75.173105173363993,39.929164855221565,430,Mohamed Market,1754 S Chadwick St,2,Basic,19145
-75.164573962255119,39.92332408855529,431,Moms Variety,1101 Cantrell St,1,Basic,19148
-75.122148709951134,40.022349528263632,432,Mon & Keo Grocery,4745 A St,2,Basic,19120
-75.228481312675783,39.958942344039521,433,Montesinos Super Market Inc.,5351 Chestnut St,2,Basic,19139
-75.156450902730171,40.022555749538981,434,Mora Mini Market Inc,4501 N 19Th St,1,Basic,19140
-75.134978066705301,39.978879411178447,435,Morel Deli Market,1901 Waterloo St,3,Enhanced,19122
-75.118039797420607,40.020829191209721,436,Morevalue Inc,405 E Wyoming,2,Basic,19120
-75.231873403565572,39.986074294459883,437,Morgans Fruits & Vegetables,1921 N 54Th St,3,Enhanced,19131
-75.176332783507775,40.045476211302336,438,Morton Food Market,6201 Morton St,2,Basic,19144
-75.130109027763879,39.977081654709337,439,Mr. Bills Deli,1638 E Berks St,1,Basic,19125
-75.167890065719362,39.963174671462646,440,Museum Market,1800 Spring Garden St,3,Certification,19130
-75.178995686290804,39.994905116265883,441,Mv Grocery Inc,2563 N 29Th St,2,Basic,19132
-75.243772477919237,39.967126164249869,442,Nadias Market Inc.,6201 Vine St,3,Enhanced,19139
-75.159371840433579,39.917267234951765,443,Nameste Grocery,2553 S. 7th St.,1,Basic,19148
-75.227224725482245,39.948492933811423,444,Natural Coffee Landmark Plus,715 S 52nd St,3,Enhanced,19143
-75.269189247912351,39.98000374383912,445,Natures Nutrition Centers,7596 Haverford Ave,2,Basic,19151
-75.155922671024868,40.043787380389588,446,Nedro Mini Market,5900 N 21St St,2,Basic,19138
-75.162752736390999,40.044163519137214,447,Neighborhood Deli Grocery,5600 Chew Ave,3,Enhanced,19138
-75.174835255914061,40.004395574093429,448,Neighbors Supermarket,2724 W Allegheny Ave,2,Basic,19132
-75.113102296401109,40.02013423848598,449,Nelson Mini Market,626 E Wyoming Ave,2,Basic,19120
-75.166970867761336,39.990899978054209,450,New Life Food Market,2101 W York St,3,Enhanced,19132
-75.13316826491824,40.041552007709129,451,New Life Grocery,5882 N 7th St,2,Basic,19120
-75.139106458912693,40.0580746312027,452,New Shopexpress,6900 Old York Rd,3,Enhanced,19126
-75.130373903427511,40.037341636096173,453,New York Deli,5656 N 5th St,3,Certification,19120
-75.213764384025581,39.949039795044975,454,Nigerian African Food Market,4517 Baltimore Ave,3,Enhanced,19143
-75.231914203083676,39.927229483582266,455,Ninas Grocery & Variety,6306 Woodland Ave,3,Enhanced,19142
-75.171756636274154,39.998770936458079,456,Noah Grocery II,2863 N 25th St,2,Basic,19132
-75.163549870992924,39.990470174707724,457,Norris St Convenience Store,2400 N 19th St,2,Basic,19132
-75.16081069234427,39.988484001752198,458,North Dauphin Grocery Inc,1702 W Dauphin St,2,Basic,19132
-75.171473069661616,39.92959819434305,459,Nu Mini Market,1542 Morris St,1,Basic,19145
-75.144159171612714,39.970142013627182,460,Nuevo Amanecer Deli Supermarket,429 W Girard Ave,3,Enhanced,19123
-75.143982002354974,39.987935470403237,461,Nuñes Grocery,617 W York St,3,Enhanced,19133
-75.168699342127496,39.940308453623729,462,Nunez Grocery,1544 Christian St,1,Basic,19146
-75.126111032343317,39.994992598516376,463,Nunez Grocery,3000 B St,3,Enhanced,19134
-75.169838316746024,39.924273445695412,464,Nuts About You,2110 S Broad St.,2,Basic,19145
-75.152416659868152,40.063284216449986,465,Ogontz Convenience Mart,7153 Ogontz Ave,2,Basic,19138
-75.173194097353189,39.934838672704828,466,Olivares Food Market,1718 Wharton St,3,Certification,19146
-75.145187166782563,39.983197006836058,467,Ortega Grocery #2,642 Diamond St,1,Basic,19122
-75.180602941555819,39.980228049307783,468,Oxford Mini Market,2801 W Oxford St,1,Basic,19121
-75.138127083471488,40.0249967374588,469,P & R Grocery,4800 N 8th St,3,Enhanced,19120
-75.15876353930129,40.013613373988605,470,P&P Mini Market,1900 W Hunting Park Ave,1,Basic,19140
-75.125006091013276,39.991820161248704,471,Paisano #3,351 E Somerset St,2,Basic,19134
-75.141089713579774,39.962098601024131,472,Palm Tree Market,717 N 2nd St,2,Basic,19123
-75.232347559645746,39.969770463757165,473,Papi Food Market,641 N 56th St,1,Basic,19131
-75.229836791764427,39.93890632193439,474,Papis Grocery,5701 Warrington Ave,2,Basic,19143
-75.155016723502555,40.018115205013281,475,Papis Mini Market,4201 Germantown Ave,3,Enhanced,19140
-75.079033699709228,40.028593238335745,476,Papos Grocery,1601 E Cheltenham Ave,2,Basic,19124
-75.174758465657618,39.912097128894949,477,Pastificio,1528 Packer Ave,2,Basic,19145
-75.215627052974753,40.026216040781833,478,Pats Place,4200 Manayunk Ave,3,Enhanced,19128
-75.156987870168194,40.051975192754682,479,Pena Grocery,2139 E Chelten Ave,3,Enhanced,19138
-75.141707245981891,40.000118831238829,480,Pena Grocery #2,640 W Allegheny Ave,3,Enhanced,19133
-75.105115416624159,39.998879425679434,481,Pena Toribio Grocery,1901 E Tioga St,3,Enhanced,19134
-75.149936785316612,39.929863213009519,482,Pennsport Market,1425 E Moyamensing Ave,3,Enhanced,19147
-75.191557111161671,39.964092325365009,483,Peralta Food Market,601 N 34th St,1,Basic,19104
-75.083812833175529,40.030446268431803,484,Peralta Food Market,5451 Rutland St,1,Basic,19124
-75.141881087014056,39.984493330414274,485,"Peralta Food Market, Inc.",501 W Susquehanna Ave,3,Enhanced,19122
-75.168984757548472,40.003640099036332,486,Peralta Grocery,2400 W Allegheny Ave,3,Enhanced,19132
-75.113881313687742,39.986293065689672,487,Peralta Grocery,2916 Tulip St,3,Enhanced,19134
-75.139910915233074,40.006214472002142,488,Peralta Grocery,621 W Venango St,3,Enhanced,19140
-75.112246240930773,39.986077502795936,489,Peralta Julio Alberto,2981 Memphis St,3,Enhanced,19134
-75.167711689320626,39.987180869521346,490,Peraltas Grocery,2163 N 21St St,2,Basic,19121
-75.101262116186703,39.998245972493393,491,Philadelphia Mini Market,3600 Frankford Ave,2,Basic,19134
-75.159280012351658,39.932225366535974,492,Philamex Grocery Store Inc,1341 S 9th St,3,Enhanced,19147
-75.156473773186377,39.989458068631379,493,Phillys Choice Deli,1422 West York St.,3,Enhanced,19132
-75.134537083702568,40.017803293080682,494,Phillys Food Market,4353 N 5Th St,3,Enhanced,19140
-75.141451307985463,39.992313680699112,495,Phillys Mini Market,2701 N Fairhill St,3,Enhanced,19133
-75.170208455812016,39.933290539295967,496,Phong Grocery,1519 Reed St,1,Basic,19146
-75.144511116788109,39.98953710181668,497,Pichardo Food Market,701 W Cumberland St,1,Basic,19133
-75.214445857506661,39.948977481415042,498,Pickles and Pies Deli,4533 Baltimore Ave,1,Basic,19143
-75.228297637476132,39.918513118607493,499,Pirela Food Market,6600 Guyer Ave,3,Enhanced,19142
-75.224594078870908,39.961103134808461,500,PM Food Market Inc,61 N 52nd St,3,Enhanced,19139
-75.179949535445459,39.9341576507125,501,Point Breeze Supermarket,1426 Point Breeze Ave,,,19146
-75.153570940043537,39.965795856932196,502,Polo Food Market,727 N 10th St,3,Certification,19123
-75.17414147507327,39.980841455866802,503,Popex Mini Market,2401 Cecil B Moore Ave,3,Enhanced,19121
-75.153768253545024,39.928570367531528,504,Popreak Grocery,1600 S 5th St,3,Enhanced,19148
-75.156551506681112,40.051872232825851,505,Pretty Marys 24/7 Neighborhood Store,2126 E Chelten Ave,3,Enhanced,19138
-75.029658449697521,40.040918306102071,506,Providence African Market,7918 Frankford Ave,2,Basic,19136
-75.148627471811722,39.940698048918442,507,Queen Village Food Market,339 Bainbridge St,3,Enhanced,19147
-75.148370555345608,39.936373745157979,508,Queen Village Mini Market & Deli,246 Christian St,3,Enhanced,19147
-75.118238384546402,39.993790361676048,509,Quick Stop 3 Inc,3001 Kensington Ave,3,Certification,19134
-75.139921249710568,39.969617481755044,510,Quince Fine Foods,209 W Girard Ave,2,Basic,19123
-75.104913027012174,40.042586080435363,511,R & M Food Market,5754 Rising Sun Ave,3,Enhanced,19120
-75.109918798711774,40.027262284158823,512,R&W,5087 F St,1,Basic,19124
-75.128065650224542,40.001527401424141,513,Rafa Grocery,116 E Ontario St,3,Enhanced,19134
-75.124780652153746,40.001193413985149,514,Rafael Mini Mart,3400 B St,2,Basic,19134
-75.156752768752639,40.006854860963657,515,Ramirez Grocery,1701 W Tioga St,3,Enhanced,19140
-75.147709536394672,39.973103507792075,516,Ramon A. Gonzalez Enterprises Inc,1400 N 7th St,2,Basic,19122
-75.184401442004244,39.928759201787045,517,Ranacaro Grocery Store,1901 S Bonsall St,2,Basic,19145
-75.221359065998143,39.93464972034495,518,Rays Grocery,5540 Woodland Ave,1,Basic,19143
-75.16082577784222,39.925729233562762,519,Reds Hoagies & Groceries,1900 S 9th St,2,Basic,19148
-75.180762682671883,39.934953581242993,520,Reed Mini Market,1341 S 22Nd St,2,Basic,19146
-75.233127360775285,39.97355642453708,521,Reyes Grocery,5601 Master St,2,Basic,19131
-75.115190550418035,40.025038878957091,522,Ricardos Mini Market,5000 Gransback St,3,Enhanced,19120
-75.175097250445077,39.937008403222471,523,Right Triangle,1201 S 19Th St,1,Basic,19146
-75.161858850442286,39.928379322851171,524,Rios Food Market,1700 S 10th St,1,Certification,19148
-75.140100362686056,40.012594005073993,525,Rios Grocery Store,715 W Luzerne St,2,Basic,19140
-75.158984555887912,39.91952802113957,526,Rising Sun Grocery,2348 S 7Th St,3,Enhanced,19148
-75.146742932302786,40.004996324665015,527,Rising Sun Mini Market,3428 N 11Th St,2,Basic,19140
-75.176382330451716,40.004692367783477,528,Rodriguez Grocery,2839 W Allegheny Ave,2,Basic,19132
-75.226458939366026,39.961868880212521,529,Rodriguez Grocery,101 N 53rd St,2,Basic,19139
-75.176429782470009,39.975421981966271,530,Rodriguez Grocery,2438 W Thompson St,3,Enhanced,19121
-75.185311211971126,39.996306089124772,531,Rodriguez Grocery,2601 N 33rd St,3,Enhanced,19132
-75.172540677732755,39.997951458321808,532,Rodriguez Mini Market,2513 W Somerset St,1,Basic,19132
-75.18205234364558,39.981433370907403,533,Rodriguez Mini Market,1646 N 29Th St,3,Enhanced,19121
-75.14931465704521,40.057000773140231,534,Rodriguez Mini Market #4,6731 Ogontz Ave,2,Basic,19126
-75.180328455757362,39.981634375932757,535,Rodriguez Supermarket,1700 N 28th St,2,Basic,19121
-75.126531412123413,40.02045682749646,536,Rodriguez Variety,4600 Rising Sun Ave,3,Enhanced,19140
-75.182208979590911,39.992789041859439,537,Rogelio Mini Market,3034-36 W York Street,3,Enhanced,19132
-75.116694465906747,39.991405216550547,538,Romano Grocery,2000 E Orleans St,1,Basic,19134
-75.234176739795373,39.915252064820429,539,Romano Grocery,6935 Dicks Ave,1,Basic,19142
-75.104114030536095,40.007948498308515,540,Romanos Grocery,1219 E. Luzerne Street,3,Enhanced,19124
-75.1436827021857,40.054938272324208,541,Rosario Grocery,1545 Kinsdale St,2,Basic,19126
-75.144300582029601,39.970159899910946,542,Rosas Pretzel Bakery And Deli,441 W Girard Ave,3,Enhanced,19123
-75.140641327788288,40.013479878020689,543,Roselix Grocery,4056 N 8Th St,3,Enhanced,19140
-75.159635031225193,39.937994707104707,544,Rosies Market,1001 S 10th St,2,Basic,19147
-75.192722045421931,39.966235230372355,545,Ruben Groceries,3412 Fairmount Ave,2,Basic,19104
-75.230247310707213,39.932515883930243,546,S&P Grocery Inc,6000 Kingsessing Ave,2,Basic,19142
-75.158975540051046,39.926306942808061,547,Sagrado Corazon Grocery Store Inc,1815 S 8Th St,2,Basic,19148
-75.180204743480232,39.977300184085919,548,Sajoma Grocery,1400 N Etting St,1,Basic,19121
-75.160617521435896,39.96632940125351,549,Sals Produce Plus Inc,676 N Broad St,3,Enhanced,19130
-75.229671790520598,39.936772974692339,550,Samana Food Market,1801 S 58th St,3,Enhanced,19143
-75.21939860389918,39.93615075268054,551,Samiches Deli Inc,5411 Woodland Ave,2,Basic,19143
-75.121829559644596,40.023866453843624,552,Sams Grocery Store,4847 A St,2,Basic,19120
-75.130455093669326,39.99328766586158,553,Sams Supermarket,2852 N Front St,3,Enhanced,19133
-75.16705698961654,39.924092701773858,554,San Agus Mini Market,1247 Snyder Ave,2,Basic,19148
-75.171065573231303,39.930801262429355,555,San Lucas Grocery Inc,1526 Tasker St,2,Basic,19145
-75.140266331465426,39.987454970441064,556,San Miguel Deli,425 W York St,3,Enhanced,19133
-75.159851984870826,39.922849186174375,557,San Miguel Mini Market Inc,2108 S 8Th St,3,Enhanced,19148
-75.21436689348667,39.957108952990204,558,Sanchez Mini Market,4630-32 Chestnut St,1,Basic,19139
-75.117575722913784,40.02445792122159,559,Santana Deli & Grocery,4948 C St,1,Basic,19120
-75.169629875740853,39.930701097051042,560,Santos Grocery,1443 Tasker St,2,Basic,19145
-75.129550844717045,39.996986531829847,561,Saury Inc,3101 N Front St,3,Enhanced,19133
-75.233421161404962,39.920092393560338,562,Sekpeh Prosperity #1,6715 Elmwood Ave,3,Enhanced,19142
-75.159306424750199,39.917891849295337,563,Seven & Porter Mini Market,700 W Porter St,2,Basic,19148
-75.174998828475935,39.98253950103382,564,SH & FY Inc.,2449 Ridge Avenue,3,Enhanced,19121
-75.112236797194356,39.995138194690014,565,Shachary Grocery,1900 E Allegheny Ave,1,Basic,19134
-75.058462304496032,40.018036357986631,566,Shao Ping Grocery,6017 Torresdale Ave,2,Basic,19135
-75.23066721540026,39.922040010481858,567,Shemas Convenience Store,6523 Elmwood Ave,1,Basic,19142
-75.091050642807701,40.033051647002551,568,Shiv Food Market Llc,899 Brill St,3,Enhanced,19124
-75.217181278160552,39.937710000856534,569,Shop & Go Convenience Store,5227 Woodland Ave,3,Enhanced,19143
-75.235197330814444,39.949931736947732,570,Shop & Save Dollar Plus,5600 Catharine St,3,Enhanced,19143
-75.038436990700546,40.037707257291913,571,Shop-N-Go,7370 Frankford Ave,2,Basic,19136
-75.225242598750199,39.938127312637626,572,Sister International Food Market,5533 Chester Ave,3,Enhanced,19143
-75.236073198702158,39.924423313181869,573,Sita T African Grocery Store,6621 Woodland Ave,2,Basic,19142
-75.191044860108093,39.927095495386112,574,Snyder Supermarket Inc,2700 Snyder Ave,2,Certification,19145
-75.168474683871196,39.917792252094728,575,Sophia Grocery & Deli Llc,2600 S Iseminger St,1,Basic,19148
-75.102716324560163,40.008669266909408,576,Sosa Food Market,4062 L St,3,Enhanced,19124
-75.156066680105695,39.932699961171586,577,South Philly Cold Cuts,701 Wharton St,1,Basic,19147
-75.074229694334747,40.028836268670744,578,Speedys Mart,5934 Bustleton Ave.,3,Enhanced,19149
-75.241902074566681,39.956796194181322,579,Spruce Mini Market,284 S 60th St,1,Basic,19139
-75.241902074566681,39.956796194181322,580,Spruce St Market,284 S 60th St,1,Basic,19139
-75.092131245636935,39.988636170666666,581,Stanley R Swiacki,3623 Salmon St,2,Basic,19134
-75.129593427152614,40.036378673742874,582,Starlite Grocery,425 W Olney St,3,Enhanced,19120
-75.121998360166813,39.993874810319426,583,Steven Grocery,2963 D St,2,Basic,19134
-75.032387801748683,40.036801501729471,584,Stop N Shop,4345 Chippendale St,3,Enhanced,19136
-75.0811248305573,40.044004558959749,585,Summerdale Mini Market,1200 Greeby St,1,Basic,19111
-75.165975679451137,39.933992913309616,586,Suns Grocery,1311 Wharton St,3,Enhanced,19147
-75.128805907914284,40.000971533303321,587,Super Bodega Aqui Me Quedo,3354 N Front St,1,Basic,19140
-75.156161253577764,40.057105144477376,588,Super Chicken Grocery,6901 Rodney St,3,Enhanced,19138
-75.185618437392961,40.005785794062156,589,Sweetsies Sugar Free Sweets,3420 Allegheny Ave,2,Basic,19132
-75.225847722664454,39.955633287635827,590,Syed Brothers Supermarket,250 S 52nd St,3,Enhanced,19139
-75.10415909936745,40.011013977812055,591,T & S Express Market,1200 E Hunting Park Ave,3,Enhanced,19124
-75.047513583605124,40.023807700407133,592,Tacony Food Mart,6648 Torresdale Ave,3,Enhanced,19135
-75.135965030140056,39.977057500365923,593,Tamyra Family Market,1770 N Mascher St,3,Enhanced,19122
-75.080650094283413,40.062223810514908,594,Tanos Deli,7401 Bingham St,3,Enhanced,19111
-75.194845076631836,39.93454323614975,595,Tasker Food Market,1548 S Corlies St,1,Basic,19146
-75.15243013079359,40.063303676583729,596,Tasty Kake Outlet,7155 Ogontz Ave,1,Basic,19138
-75.166128514979249,40.010198906882685,597,Tasty Kake Outlet,2236 Hunting Park Ave,3,Enhanced,19140
-75.171274447990797,40.003929154554243,598,Tavares Grocery,2514 W Allegheny Ave,3,Enhanced,19132
-75.177270927856199,39.926995933642985,599,Tc Grocery Llc #1,1939 S 19Th St,1,Basic,19145
-75.117678469262444,40.020702974986257,600,Thang Len Market,414 E Wyoming Ave,3,Enhanced,19120
-75.12958676586527,40.03629281635429,601,Thank God Grocery,420 W Olney Ave,3,Enhanced,19120
-75.243680368673566,39.958003255012855,602,The Kids Food Market,6100 Locust St,2,Basic,19139
-75.159070969640155,39.925863678825515,603,The Latin Spot,1839 S 8Th St,3,Enhanced,19148
-75.132773368151035,40.02636707697436,604,The New Family Restaurant,4936 N 5th St,3,Enhanced,19120
-75.049029060456604,40.022922640076168,605,The Queen Store,6559 Torresdale Ave,3,Enhanced,19135
-75.171022860229911,39.983545705493057,606,The Right Choice,2221 W Berks St,3,Enhanced,19121
-75.121070106887785,39.998436609637558,607,Thelma Soza T/A J&V Deli,500 E Willard St,1,Basic,19134
-75.176634816499828,39.976752183269603,608,Three Sisters Grocery,2500 W Master St,3,Enhanced,19121
-75.12375444020384,40.023917408719853,609,TiendaMex,4831 Rising Sun Ave.,3,Enhanced,19120
-75.188444513954124,40.014245315897647,610,Tilden Food Market,3539 Vaux St,3,Enhanced,19129
-75.234229506885342,39.954583104558495,611,TNT #2 Food Market Inc,5601 Pine St,2,Basic,19143
-75.146632173123464,40.063780565810163,612,TNT Market,1847 72nd Ave,3,Enhanced,19126
-75.150611826365292,39.916850470489841,613,Tonys Mkt Antonio Tecce,153 W Porter St,1,Basic,19148
-75.233058319371381,39.97677403025957,614,Torres Grocery,5549 Lansdowne Ave,1,Basic,19131
-75.162739289462081,39.996691204821538,615,Torres Grocery,1915 W Somerset St,1,Basic,19132
-75.147623943531315,39.994291423777639,616,Torres Grocery,2756 Germantown Ave,1,Basic,19133
-75.174046049335146,39.983922146923518,617,Torres Grocery,1900 N Ringgold St,2,Basic,19121
-75.174036278018207,39.996321987246695,618,Torres Grocery,2684 N 26th St,2,Basic,19132
-75.149203380169411,39.998010419626503,619,Torres Grocery,1149 West Indiana Ave,2,Basic,19133
-75.160768330448974,39.991070289572178,620,Torres Grocery Store,2466 N Colorado St,2,Basic,19132
-75.184105509060515,39.9946359547722,621,Torres Mini Market,2500 N 32nd St,1,Basic,19132
-75.217670374309208,39.956034986826232,622,Torres Super Market,4801 Walnut St,1,Basic,19139
-75.136250707768497,39.969008214372678,623,Trax Foods,1204 N Front St,2,Basic,19122
-75.156690887522018,39.961867335209462,624,Trebol Supermarket,1137 Spring Garden St,3,Certification,19123
-75.179687328369468,39.970287764169356,625,Trust Market,2600 Brown St,1,Basic,19130
-75.175175948647478,39.979927216992436,626,Turner Grocery,2454 Turner St,1,Basic,19121
-75.266820665296038,39.977984489370421,627,Twins Grocers,7540 Haverford Ave,2,Basic,19151
-75.228192611551066,39.944091491093296,628,Two Brothers Food Market,5400 Willows Ave,2,Basic,19143
-75.22447768344307,39.926274898869529,629,Uceta Grocery,6053 Elmwood Ave,3,Enhanced,19142
-75.135945056231392,40.026240852316782,630,United Mini Market,659 W Rockland St,3,Enhanced,19120
-75.216858262635867,39.953430441441526,631,University Dollar Plus,4734-40 Spruce Street,3,Enhanced,19139
-75.240386165159748,39.924334727625755,632,Upland Mini Market,2024 S 68th St,1,Basic,19142
-75.190518115479577,39.937096582006106,633,Urena Food Mart,1300 S 28Th St,1,Basic,19146
-75.08989455689111,40.034233233257872,634,Valentina Grocery,898 Anchor St,1,Basic,19124
-75.183387443104635,40.005500009146921,635,Valentina Grocery,3300 W Allegheny Ave,3,Enhanced,19132
-75.213574019933333,39.948975738712782,636,Valentino African Food Store,4520 Baltimore Ave,1,Basic,19143
-75.088046644898682,40.01477125132579,637,Valerio Food Market,1500 Sellers St,1,Basic,19124
-75.231214812632217,39.976975871995691,638,Valerios Food Market,5455 Lansdowne Ave,2,Basic,19131
-75.127019332119787,39.993611001946533,639,Vargas Mini Market,241 E Cambria St,1,Basic,19134
-75.168020981330514,39.916997125087576,640,Venutis Food Market,2655 S Camac St,2,Basic,19148
-75.158455333640617,39.929189183056671,641,Vics Coffee Shop,1600 S 8Th St,1,Basic,19148
-75.139864128374327,40.011008782122516,642,Villa Vasquez Mini Market,3900 N 7Th St,3,Enhanced,19140
-75.228764231360103,39.971164435226491,643,Vinas Food Market,5401 W Girard Ave,2,Basic,19131
-75.033449150584687,40.037862362023233,644,Vinces Deli,4244 Chippendale St,2,Basic,19136
-75.134323693747518,40.001571743800376,645,Viola Grocery,230 West Wensley Street,2,Basic,19140
-75.237514151670212,39.97306723900715,646,VR Mini Market,5845 Master St,2,Basic,19131
-75.170435564031322,39.966328588446565,647,Wallace Market,2000 Wallace St,3,Certification,19130
-75.169217608205074,40.026292348225233,648,Wayne Associated,5101 Wayne Ave,3,Enhanced,19144
-75.167752012605703,40.025497268254455,649,Wayne Avenue Health Food Store,5007 Wayne Ave,1,Certification,19144
-75.173916069810687,40.028829057060641,650,Wayne Supermarket Inc,5348 Wayne Ave,2,Basic,19144
-75.121632401543181,39.995641162613325,651,Wensle Mini Mart,3061 D St,3,Enhanced,19134
-75.168351606017296,39.999897245851812,652,Weso Mini Market,2964 N 23rd St,3,Enhanced,19132
-75.244867342808064,39.962005920645964,653,West Philadelphia Produce,18 S 62nd St,3,Enhanced,19139
-75.150498978288695,39.931957210945058,654,Wharton Deli & Grocery,349 Wharton St,2,Basic,19147
-75.159926549189578,39.914695087524102,655,Wholly Smokes Cigarette Outlet II,2747 S 7th St,3,Enhanced,19148
-75.160334340548829,39.920628711759136,656,Wolf Mini Market Inc,2300 S 8Th St,2,Basic,19148
-75.166515344142994,39.921416165161695,657,Wolf Variety Store,2301 S 12th St,3,Enhanced,19148
-75.163696339219186,40.044844065917871,658,Woodlawn Deli,5637 Chew Ave,3,Enhanced,19138
-75.168619745962062,39.995822934626553,659,Yadira Grocery,2227 W Lehigh Ave,3,Enhanced,19132
-75.090546761372934,40.014239468974139,660,Yandel Food Market,1362 Unity St,1,Basic,19124
-75.178670280936544,39.982612524488964,661,Yaritza Grocery,1754 N 27th St,2,Basic,19121
-75.172687330481196,39.977666173529308,662,Yasmin Food Market,2236 W Jefferson St,1,Basic,19121
-75.164801101197369,39.970435144944908,663,Yellow Front Market,1700 Ridge Ave,2,Basic,19130
-75.175659981761655,39.996373217446639,664,Yoscar Mini Market,2668 N 27th St,2,Basic,19132
-75.143785989099555,39.995689219937155,665,Yudish Grocery,716 W Cambria St,2,Basic,19133
-75.029716141707269,40.032908022052723,666,Z & Y Food Market,7601 Torresdale Ave,3,Enhanced,19136
-75.231423331479405,39.98475798874734,667,Zabala Super Market,1823 N 54th St,2,Basic,19131
-75.242564698303809,39.913662380122098,668,Zam Zam Market,7333 Elmwood Ave,3,Enhanced,19142
-75.146556456008184,39.975828744763589,669,Zenarda Grocery,643 W Oxford Avenue,3,Enhanced,19122